4828851863017,☺ ≡ Content NL+UK+.COM
5012061651047,☺ UK Search
7749914219827,☺ Infrastructure Roles
7746376637805,☺ Sales Roles
7963718816247,☺ Alignment Roles
11348115733592,☺ Marketplace Roles
11348115733601,☺ Demand Roles
11350833325340,☺ Providers Roles
11347525454570,☺ Organisations Roles
11555199602299,☺ Smooth Ops Roles
11626921109046,☺Business Intelligence Roles
12530878841888,☺ Go Sales Roles
13169100426325,☺ Rainmakers Roles
25886168210586,☺Go Happiness - Stork
25886168210597,☺Go Happiness - CAK
25886168210599,☺Go Happiness - Aegon
25886168210601,☺Go Happiness - Sanoma
25886168210603,☺Go Happiness - Vattenfall 
25886168210615,∴ ☺Go Happiness Lists 
29007443412107,☺ Go Customer Roles
47872397062455,☺ Finance Roles
61971534223290,☺ Product Roles
79667185218012,☺ Marketing Roles
160117637183274,☺ API endpoint to link External review tools to Springest review form
163654573139013,☺ Evangelism Roles
226863225813771,☺ Resource-needy Roles
236886514207498,☺ Marketplace DE roles
388515769387194,☺ Users Roles
389549960603898,☺ Providers roles
404651189519209,☺ Germany Marketplace Roles
429198934310912,☺ Anne Nynke's roles
560994092069672,☺ People Roles
561311958443380,☺ Office Roles
584595277089814,☺ Temporary Holiday Role Assignments
